Date	USGG10YR Index	GDBR10 Index	GUKG10 Index
01-Jan-1980	10.31	7.851	14.801
08-Jan-1980	10.553	7.951	14.697
15-Jan-1980	10.63	8.126	14.132
22-Jan-1980	10.827	8.146	13.836
29-Jan-1980	11.186	8.1	13.982
05-Feb-1980	11.707	8.145	14.535
12-Feb-1980	11.983	8.174	14.331
19-Feb-1980	12.825	8.312	14.23
26-Feb-1980	13.636	8.729	14.205
04-Mar-1980	12.904	9.011	14.485
11-Mar-1980	12.38	9.244	14.358
18-Mar-1980	12.37	9.269	14.308
25-Mar-1980	13.065	9.681	14.157
01-Apr-1980	12.654	9.754	14.008
08-Apr-1980	12.172	9.76	13.935
15-Apr-1980	11.539	9.54	13.451
22-Apr-1980	10.782	8.895	13.38
29-Apr-1980	10.625	8.935	13.334
06-May-1980	9.711	8.921	13.008
13-May-1980	10.078	8.639	13.031
20-May-1980	10.179	8.519	13.194
27-May-1980	9.92	8.281	12.802
03-Jun-1980	9.731	8.423	12.987
10-Jun-1980	9.3	8.278	13.96
17-Jun-1980	9.113	8.127	13.278
24-Jun-1980	9.195	8.012	13.276
01-Jul-1980	9.494	8.03	13.37
08-Jul-1980	9.496	8.041	12.945
15-Jul-1980	9.571	8.024	12.691
22-Jul-1980	9.69	7.924	12.463
29-Jul-1980	9.908	7.783	12.597
05-Aug-1980	10.163	7.873	13.313
12-Aug-1980	10.527	7.697	13.265
19-Aug-1980	10.749	7.87	13.314
26-Aug-1980	10.8	7.943	13.436
02-Sep-1980	11.311	8.107	13.461
09-Sep-1980	11.17	8.136	12.797
16-Sep-1980	11.499	8.272	13.055
23-Sep-1980	11.733	8.218	13.127
30-Sep-1980	11.836	8.426	13.01
07-Oct-1980	11.401	8.156	12.708
14-Oct-1980	11.346	8.224	12.686
21-Oct-1980	11.67	8.355	12.756
28-Oct-1980	12.296	8.614	12.665
04-Nov-1980	12.429	8.678	12.898
11-Nov-1980	12.625	8.847	12.737
18-Nov-1980	12.308	8.71	12.44
25-Nov-1980	12.436	8.663	12.74
02-Dec-1980	12.905	8.569	12.672
09-Dec-1980	13.086	8.646	14.067
16-Dec-1980	13.486	8.941	14.436
23-Dec-1980	12.331	9.039	14.172
30-Dec-1980	12.367	9.023	14.251
06-Jan-1981	12.097	8.869	14.069
13-Jan-1981	12.518	8.901	14.226
20-Jan-1981	12.483	8.999	14.122
27-Jan-1981	12.715	9.032	13.942
03-Feb-1981	12.951	9.206	13.789
10-Feb-1981	13.257	9.657	13.815
17-Feb-1981	13.299	9.798	13.714
24-Feb-1981	13.181	10.175	13.514
03-Mar-1981	13.411	10.445	13.59
10-Mar-1981	13.043	10.234	13.541
17-Mar-1981	12.644	9.975	13.294
24-Mar-1981	13.272	9.865	13.124
31-Mar-1981	13.101	9.993	13.149
07-Apr-1981	13.385	10.028	13.274
14-Apr-1981	13.553	10.08	13.251
21-Apr-1981	13.713	10.063	13.105
28-Apr-1981	13.912	10.046	13.279
05-May-1981	14.651	10.31	13.734
12-May-1981	14.341	10.302	13.866
19-May-1981	13.781	10.338	13.561
26-May-1981	13.596	10.6	13.691
02-Jun-1981	13.572	10.739	14.689
09-Jun-1981	13.358	10.676	15.228
16-Jun-1981	13.073	10.227	14.886
23-Jun-1981	13.545	10.282	14.859
30-Jun-1981	13.85	10.319	14.945
07-Jul-1981	14.018	10.51	15.321
14-Jul-1981	14.135	10.557	15.381
21-Jul-1981	14.596	10.641	15.62
28-Jul-1981	14.517	10.561	15.211
04-Aug-1981	14.931	10.493	15.477
11-Aug-1981	14.324	10.526	15.128
18-Aug-1981	14.628	10.525	14.93
25-Aug-1981	15.259	10.541	15.279
01-Sep-1981	15.395	10.686	15.107
08-Sep-1981	15.574	10.798	15.168
15-Sep-1981	15.067	10.633	15.495
22-Sep-1981	15.022	10.285	15.439
29-Sep-1981	15.742	10.419	15.865
06-Oct-1981	15.115	10.254	15.808
13-Oct-1981	14.806	10.163	15.303
20-Oct-1981	15.071	10.258	15.665
27-Oct-1981	15.523	10.322	15.884
03-Nov-1981	14.563	10.15	15.931
10-Nov-1981	13.438	10.044	15.779
17-Nov-1981	13.272	9.835	15.418
24-Nov-1981	13.206	9.936	15.302
01-Dec-1981	13.357	9.675	15.395
08-Dec-1981	13.483	9.657	15.488
15-Dec-1981	13.532	9.702	15.767
22-Dec-1981	14.003	9.763	15.895
29-Dec-1981	14.096	9.746	15.713
05-Jan-1982	14.417	9.702	15.779
12-Jan-1982	14.588	9.878	15.63
19-Jan-1982	14.768	9.925	15.184
26-Jan-1982	14.507	9.859	14.983
02-Feb-1982	14.439	9.784	15.361
09-Feb-1982	14.848	9.759	15.362
16-Feb-1982	14.481	9.823	15.171
23-Feb-1982	13.875	9.741	14.43
02-Mar-1982	13.708	9.707	14.103
09-Mar-1982	13.637	9.657	13.882
16-Mar-1982	13.875	9.417	13.638
23-Mar-1982	13.685	9.227	13.266
30-Mar-1982	14.16	9.328	13.617
06-Apr-1982	14.141	9.136	14.063
13-Apr-1982	13.797	8.99	13.955
20-Apr-1982	13.693	8.957	13.764
27-Apr-1982	13.668	8.797	13.631
04-May-1982	13.838	8.765	13.526
11-May-1982	13.508	8.778	13.261
18-May-1982	13.631	8.89	13.238
25-May-1982	13.662	8.904	13.268
01-Jun-1982	13.906	8.801	13.035
08-Jun-1982	13.959	9.026	12.857
15-Jun-1982	14.181	9.143	13.042
22-Jun-1982	14.625	9.295	13.152
29-Jun-1982	14.581	9.375	13.129
06-Jul-1982	14.445	9.363	13.113
13-Jul-1982	13.987	9.289	12.813
20-Jul-1982	13.498	9.239	13.381
27-Jul-1982	13.833	9.133	13.333
03-Aug-1982	13.487	9.052	13.071
10-Aug-1982	13.679	9.223	13.141
17-Aug-1982	12.618	9.093	12.207
24-Aug-1982	12.339	8.764	11.481
31-Aug-1982	12.792	8.803	11.901
07-Sep-1982	12.503	8.792	11.772
14-Sep-1982	12.546	8.845	12.006
21-Sep-1982	12.162	8.637	11.833
28-Sep-1982	12.024	8.62	11.494
05-Oct-1982	12.04	8.53	11.888
12-Oct-1982	11.024	8.423	10.661
19-Oct-1982	11.061	8.294	10.602
26-Oct-1982	11.287	8.218	10.822
02-Nov-1982	10.956	8.262	10.43
09-Nov-1982	10.896	8.313	10.573
16-Nov-1982	11.088	8.425	10.888
23-Nov-1982	11.016	8.258	11.271
30-Nov-1982	11.257	8.197	11.426
07-Dec-1982	10.46	7.974	11.345
14-Dec-1982	10.404	8.061	11.461
21-Dec-1982	10.485	8.016	11.34
28-Dec-1982	10.381	7.926	11.161
04-Jan-1983	10.335	7.614	10.926
11-Jan-1983	10.303	7.54	11.574
18-Jan-1983	10.272	7.745	11.452
25-Jan-1983	10.586	7.932	11.592
01-Feb-1983	10.754	7.779	11.489
08-Feb-1983	10.892	7.831	11.267
15-Feb-1983	10.764	7.718	11.941
22-Feb-1983	10.516	7.598	12.214
01-Mar-1983	10.213	7.539	11.457
08-Mar-1983	10.501	7.384	11.218
15-Mar-1983	10.449	7.369	10.982
22-Mar-1983	10.606	7.419	11.234
29-Mar-1983	10.584	7.5	11.292
05-Apr-1983	10.472	7.474	11.016
12-Apr-1983	10.394	7.459	10.727
19-Apr-1983	10.363	7.51	10.763
26-Apr-1983	10.337	7.576	10.686
03-May-1983	10.225	7.62	10.684
10-May-1983	10.18	7.568	10.778
17-May-1983	10.399	7.679	10.815
24-May-1983	10.588	7.77	10.775
31-May-1983	10.854	7.984	10.471
07-Jun-1983	10.832	8.132	11.285
14-Jun-1983	10.747	8.07	11.242
21-Jun-1983	10.769	8.118	11.462
28-Jun-1983	11.013	8.118	11.399
05-Jul-1983	11.185	8.162	11.458
12-Jul-1983	11.41	8.26	11.693
19-Jul-1983	11.321	8.297	11.639
26-Jul-1983	11.453	8.228	11.762
02-Aug-1983	11.742	8.254	11.824
09-Aug-1983	12.004	8.377	11.759
16-Aug-1983	11.584	8.4	11.611
23-Aug-1983	11.397	8.361	11.589
30-Aug-1983	11.71	8.462	11.629
06-Sep-1983	11.835	8.549	11.482
13-Sep-1983	11.582	8.494	11.194
20-Sep-1983	11.549	8.462	10.972
27-Sep-1983	11.407	8.392	10.793
04-Oct-1983	11.426	8.376	10.591
11-Oct-1983	11.537	8.236	10.571
18-Oct-1983	11.457	8.251	11.582
25-Oct-1983	11.665	8.205	11.481
01-Nov-1983	11.654	8.261	11.323
08-Nov-1983	11.816	8.344	11.262
15-Nov-1983	11.681	8.267	11.03
22-Nov-1983	11.557	8.312	10.928
29-Nov-1983	11.59	8.396	10.999
06-Dec-1983	11.73	8.396	11.052
13-Dec-1983	11.92	8.45	11.143
20-Dec-1983	11.831	8.442	11.045
27-Dec-1983	11.712	8.395	10.929
03-Jan-1984	11.825	8.401	10.925
10-Jan-1984	11.689	8.456	10.735
17-Jan-1984	11.548	8.378	10.806
24-Jan-1984	11.595	8.315	10.916
31-Jan-1984	11.638	8.315	10.837
07-Feb-1984	11.681	8.291	10.73
14-Feb-1984	11.818	8.252	10.673
21-Feb-1984	11.878	8.206	10.526
28-Feb-1984	12.073	8.122	10.469
06-Mar-1984	12.063	8.035	10.217
13-Mar-1984	12.238	8.116	10.162
20-Mar-1984	12.407	8.146	11.104
27-Mar-1984	12.437	8.167	11.081
03-Apr-1984	12.613	8.073	11.192
10-Apr-1984	12.486	8.072	11.112
17-Apr-1984	12.534	8.072	11.282
24-Apr-1984	12.713	8.109	11.295
01-May-1984	12.799	8.108	11.295
08-May-1984	13.056	8.176	11.547
15-May-1984	13.446	8.299	11.724
22-May-1984	13.459	8.291	11.782
29-May-1984	13.86	8.298	12.005
05-Jun-1984	13.341	8.229	11.717
12-Jun-1984	13.528	8.259	11.898
19-Jun-1984	13.358	8.228	11.692
26-Jun-1984	13.773	8.228	11.893
03-Jul-1984	13.779	8.21	11.419
10-Jul-1984	13.511	8.209	11.768
17-Jul-1984	13.357	8.246	12.731
24-Jul-1984	13.293	8.268	12.98
31-Jul-1984	12.897	8.268	13.025
07-Aug-1984	12.678	8.229	12.392
14-Aug-1984	12.689	8.145	11.58
21-Aug-1984	12.689	8.062	11.64
28-Aug-1984	12.824	8.046	11.743
04-Sep-1984	12.866	7.972	11.72
11-Sep-1984	12.521	7.919	11.614
18-Sep-1984	12.338	7.889	11.696
25-Sep-1984	12.542	7.851	11.425
02-Oct-1984	12.526	7.821	11.26
09-Oct-1984	12.342	7.595	11.238
16-Oct-1984	12.309	7.565	11.236
23-Oct-1984	11.77	7.463	11.174
30-Oct-1984	11.737	7.476	11.072
06-Nov-1984	11.59	7.274	10.565
13-Nov-1984	11.789	7.294	10.355
20-Nov-1984	11.578	7.294	10.391
27-Nov-1984	11.304	7.121	10.409
04-Dec-1984	11.508	7.064	10.313
11-Dec-1984	11.558	7.077	10.388
18-Dec-1984	11.279	7.061	11.476
25-Dec-1984	11.293	7.032	11.516
01-Jan-1985	11.541	6.999	11.598
08-Jan-1985	11.434	7.034	11.617
15-Jan-1985	11.47	7.185	11.871
22-Jan-1985	11.236	7.112	11.763
29-Jan-1985	11.089	7.236	12.175
05-Feb-1985	11.282	7.465	11.889
12-Feb-1985	11.398	7.73	11.953
19-Feb-1985	11.382	7.586	11.779
26-Feb-1985	11.739	7.784	11.811
05-Mar-1985	11.85	7.743	11.628
12-Mar-1985	11.765	7.705	11.479
19-Mar-1985	11.978	7.615	11.436
26-Mar-1985	11.748	7.488	11.309
02-Apr-1985	11.681	7.407	11.225
09-Apr-1985	11.637	7.392	11.204
16-Apr-1985	11.231	7.245	10.856
23-Apr-1985	11.231	7.23	10.794
30-Apr-1985	11.396	7.273	10.894
07-May-1985	11.143	7.317	10.996
14-May-1985	10.881	7.187	10.987
21-May-1985	10.588	7.094	10.871
28-May-1985	10.414	7.135	10.829
04-Jun-1985	10.034	7.048	10.538
11-Jun-1985	10.066	7.069	10.58
18-Jun-1985	9.892	7.061	11.353
25-Jun-1985	10.49	7.024	11.353
02-Jul-1985	10.183	6.963	11.221
09-Jul-1985	10.04	6.884	11.003
16-Jul-1985	10.136	6.877	10.81
23-Jul-1985	10.446	6.833	10.789
30-Jul-1985	10.642	6.847	10.641
06-Aug-1985	10.626	6.755	10.81
13-Aug-1985	10.519	6.663	10.598
20-Aug-1985	10.269	6.53	10.661
27-Aug-1985	10.194	6.426	10.535
03-Sep-1985	10.224	6.439	10.535
10-Sep-1985	10.457	6.459	10.661
17-Sep-1985	10.395	6.403	10.452
24-Sep-1985	10.309	6.367	10.348
01-Oct-1985	10.268	6.387	10.286
08-Oct-1985	10.349	6.504	10.265
15-Oct-1985	10.287	6.687	10.214
22-Oct-1985	10.106	6.531	10.163
29-Oct-1985	10.085	6.801	10.265
05-Nov-1985	9.896	6.583	10.204
12-Nov-1985	9.693	6.639	10.349
19-Nov-1985	9.688	6.639	10.245
26-Nov-1985	9.722	6.561	10.122
03-Dec-1985	9.671	6.567	10.772
10-Dec-1985	9.35	6.56	10.915
17-Dec-1985	9.023	6.419	10.854
24-Dec-1985	9.06	6.37	10.822
31-Dec-1985	8.987	6.3	10.781
07-Jan-1986	8.915	6.341	11.003
14-Jan-1986	9.405	6.34	11.23
21-Jan-1986	9.2	6.298	11.188
28-Jan-1986	9.021	6.27	11.007
04-Feb-1986	8.925	6.326	11.494
11-Feb-1986	8.947	6.318	11.336
18-Feb-1986	8.693	6.276	11.067
25-Feb-1986	8.455	6.05	10.674
04-Mar-1986	7.926	5.866	10.384
11-Mar-1986	7.689	5.746	9.92
18-Mar-1986	7.821	5.738	9.899
25-Mar-1986	7.689	5.718	9.624
01-Apr-1986	7.357	5.349	9.199
08-Apr-1986	7.292	5.462	9.04
15-Apr-1986	7.201	5.365	9.018
22-Apr-1986	7.232	5.331	8.787
29-Apr-1986	7.369	5.387	8.96
06-May-1986	7.44	5.559	9.013
13-May-1986	7.702	5.855	9.252
20-May-1986	7.945	5.989	9.23
27-May-1986	7.818	5.84	9.177
03-Jun-1986	8.179	6.132	9.284
10-Jun-1986	8.055	5.831	9.296
17-Jun-1986	7.615	5.67	9.435
24-Jun-1986	7.465	5.897	9.337
01-Jul-1986	7.356	5.776	9.485
08-Jul-1986	7.429	5.756	9.413
15-Jul-1986	7.15	5.83	9.736
22-Jul-1986	7.185	5.748	9.82
29-Jul-1986	7.401	5.782	9.746
05-Aug-1986	7.379	5.653	9.725
12-Aug-1986	7.221	5.632	9.704
19-Aug-1986	7.012	5.632	9.595
26-Aug-1986	6.954	5.491	9.609
02-Sep-1986	7.006	5.511	9.61
09-Sep-1986	7.33	5.801	10.013
16-Sep-1986	7.509	5.87	10.359
23-Sep-1986	7.556	5.883	10.735
30-Sep-1986	7.432	6.037	11.162
07-Oct-1986	7.257	6.004	11.141
14-Oct-1986	7.461	6.131	11.139
21-Oct-1986	7.541	6.274	11.175
28-Oct-1986	7.425	6.296	11.168
04-Nov-1986	7.286	6.297	11.167
11-Nov-1986	7.454	6.233	11.247
18-Nov-1986	7.323	6.255	11.469
25-Nov-1986	7.217	6.028	11.527
02-Dec-1986	7.076	6.014	11.467
09-Dec-1986	7.058	5.902	11.397
16-Dec-1986	7.11	6.001	11.234
23-Dec-1986	7.07	5.98	10.976
30-Dec-1986	7.22	5.952	10.822
06-Jan-1987	7.064	6.014	10.539
13-Jan-1987	7.081	5.98	10.526
20-Jan-1987	6.997	5.853	10.335
27-Jan-1987	7.142	5.898	10.359
03-Feb-1987	7.228	5.82	10.41
10-Feb-1987	7.314	5.853	10.229
17-Feb-1987	7.318	6.021	10.216
24-Feb-1987	7.164	6.04	9.901
03-Mar-1987	7.195	5.967	9.714
10-Mar-1987	7.213	6.008	9.39
17-Mar-1987	7.181	5.946	9.286
24-Mar-1987	7.245	5.755	8.999
31-Mar-1987	7.489	5.68	9.306
07-Apr-1987	7.598	5.591	9.183
14-Apr-1987	8.258	5.735	9.486
21-Apr-1987	8.165	5.662	9.319
28-Apr-1987	8.257	5.614	9.127
05-May-1987	8.43	5.528	8.887
12-May-1987	8.539	5.501	8.881
19-May-1987	8.966	5.539	8.984
26-May-1987	8.708	5.538	9.246
02-Jun-1987	8.719	5.65	8.788
09-Jun-1987	8.55	5.669	8.732
16-Jun-1987	8.274	5.892	8.835
23-Jun-1987	8.228	6.065	9.221
30-Jun-1987	8.371	5.988	9.192
07-Jul-1987	8.269	6.125	9.134
14-Jul-1987	8.319	6.112	9.125
21-Jul-1987	8.484	6.263	9.072
28-Jul-1987	8.604	6.329	9.561
04-Aug-1987	8.808	6.444	9.86
11-Aug-1987	8.716	6.543	10.012
18-Aug-1987	8.755	6.303	9.971
25-Aug-1987	8.761	6.338	10.244
01-Sep-1987	9.069	6.451	10.279
08-Sep-1987	9.455	6.747	10.091
15-Sep-1987	9.44	6.616	10.205
22-Sep-1987	9.355	6.733	9.918
29-Sep-1987	9.623	6.859	10.235
06-Oct-1987	9.728	6.864	10.198
13-Oct-1987	9.889	7.041	10.124
20-Oct-1987	9.415	7.042	10.125
27-Oct-1987	8.915	6.763	9.619
03-Nov-1987	8.895	6.418	9.742
10-Nov-1987	8.798	6.315	9.161
17-Nov-1987	8.901	6.355	9.513
24-Nov-1987	8.936	6.244	9.587
01-Dec-1987	8.995	6.312	9.444
08-Dec-1987	9.092	6.407	9.647
15-Dec-1987	9.058	6.518	9.888
22-Dec-1987	8.936	6.413	9.773
29-Dec-1987	8.825	6.447	9.614
05-Jan-1988	8.743	6.376	9.811
12-Jan-1988	8.921	6.615	9.93
19-Jan-1988	8.628	6.522	9.78
26-Jan-1988	8.528	6.43	9.671
02-Feb-1988	8.18	6.332	9.611
09-Feb-1988	8.193	6.276	9.754
16-Feb-1988	8.344	6.282	9.753
23-Feb-1988	8.196	6.246	9.52
01-Mar-1988	8.144	6.201	9.33
08-Mar-1988	8.307	6.242	9.3
15-Mar-1988	8.284	6.2	9.194
22-Mar-1988	8.445	6.234	9.367
29-Mar-1988	8.536	6.233	9.347
05-Apr-1988	8.653	6.234	9.211
12-Apr-1988	8.571	6.227	9.2
19-Apr-1988	8.832	6.247	9.147
26-Apr-1988	8.773	6.373	9.477
03-May-1988	8.888	6.494	9.768
10-May-1988	9.06	6.645	9.734
17-May-1988	9.154	6.523	9.704
24-May-1988	9.243	6.646	9.657
31-May-1988	9.198	6.646	9.723
07-Jun-1988	9.013	6.538	9.739
14-Jun-1988	8.688	6.495	9.625
21-Jun-1988	9.032	6.633	9.844
28-Jun-1988	8.863	6.67	10.111
05-Jul-1988	8.815	6.617	10.06
12-Jul-1988	9.08	6.702	10.152
19-Jul-1988	9.085	6.81	10.192
26-Jul-1988	9.076	6.824	10.147
02-Aug-1988	8.978	6.759	10.098
09-Aug-1988	9.185	6.716	10.073
16-Aug-1988	9.359	6.81	10.216
23-Aug-1988	9.326	6.862	10.263
30-Aug-1988	9.251	6.738	10.436
06-Sep-1988	8.978	6.647	10.409
13-Sep-1988	8.92	6.661	10.386
20-Sep-1988	8.939	6.611	10.331
27-Sep-1988	9.034	6.618	10.211
04-Oct-1988	8.853	6.557	10.153
11-Oct-1988	8.734	6.479	9.963
18-Oct-1988	8.752	6.382	9.88
25-Oct-1988	8.808	6.36	9.96
01-Nov-1988	8.662	6.27	9.782
08-Nov-1988	8.874	6.338	9.897
15-Nov-1988	8.946	6.365	10.033
22-Nov-1988	9.086	6.357	10.058
29-Nov-1988	9.14	6.447	10.366
06-Dec-1988	8.896	6.471	10.287
13-Dec-1988	9.159	6.541	10.428
20-Dec-1988	9.08	6.485	10.282
27-Dec-1988	9.148	6.527	10.242
03-Jan-1989	9.218	6.626	9.991
10-Jan-1989	9.223	6.648	9.95
17-Jan-1989	9.065	6.64	9.788
24-Jan-1989	8.943	6.619	9.578
31-Jan-1989	8.986	6.69	9.558
07-Feb-1989	8.967	6.774	9.488
14-Feb-1989	9.274	6.81	9.517
21-Feb-1989	9.249	6.868	9.626
28-Feb-1989	9.295	6.948	9.828
07-Mar-1989	9.269	6.86	9.686
14-Mar-1989	9.313	6.968	9.716
21-Mar-1989	9.515	6.99	9.787
28-Mar-1989	9.414	6.954	9.859
04-Apr-1989	9.154	6.911	9.947
11-Apr-1989	9.268	6.91	10.098
18-Apr-1989	9.065	6.86	9.984
25-Apr-1989	9.104	6.809	10.094
02-May-1989	9.07	6.88	10.037
09-May-1989	9.164	6.944	10.049
16-May-1989	8.83	6.994	10.029
23-May-1989	8.652	7.001	10.167
30-May-1989	8.681	7	10.168
06-Jun-1989	8.35	6.882	10.481
13-Jun-1989	8.267	6.796	10.593
20-Jun-1989	8.311	6.683	10.386
27-Jun-1989	8.085	6.745	10.181
04-Jul-1989	8.08	6.667	10.128
11-Jul-1989	7.959	6.659	10.08
18-Jul-1989	8.131	6.708	9.974
25-Jul-1989	8.005	6.665	9.974
01-Aug-1989	7.757	6.571	10.017
08-Aug-1989	7.998	6.626	10.002
15-Aug-1989	8.203	6.696	9.982
22-Aug-1989	8.33	6.781	9.904
29-Aug-1989	8.311	6.809	10.05
05-Sep-1989	8.176	6.845	10.208
12-Sep-1989	8.129	6.91	10.243
19-Sep-1989	8.087	6.917	10.289
26-Sep-1989	8.275	6.961	10.457
03-Oct-1989	8.205	6.977	10.565
10-Oct-1989	8.031	6.941	10.691
17-Oct-1989	8.017	7.026	10.473
24-Oct-1989	7.878	7.011	10.457
31-Oct-1989	7.911	7.068	10.518
07-Nov-1989	7.874	7.244	10.373
14-Nov-1989	7.906	7.369	10.316
21-Nov-1989	7.892	7.398	10.472
28-Nov-1989	7.897	7.354	10.533
05-Dec-1989	7.821	7.265	10.6
12-Dec-1989	7.834	7.25	10.429
19-Dec-1989	7.769	7.169	10.313
26-Dec-1989	7.902	7.206	10.235
02-Jan-1990	7.934	7.426	10.332
09-Jan-1990	8.013	7.485	10.539
16-Jan-1990	8.206	7.578	10.784
23-Jan-1990	8.365	7.714	11.034
30-Jan-1990	8.507	7.623	10.929
06-Feb-1990	8.583	7.909	11.039
13-Feb-1990	8.407	8.522	11.063
20-Feb-1990	8.684	8.934	11.348
27-Feb-1990	8.458	8.621	11.251
06-Mar-1990	8.57	8.97	11.949
13-Mar-1990	8.722	8.9	12.132
20-Mar-1990	8.54	8.745	12.166
27-Mar-1990	8.516	8.477	12.226
03-Apr-1990	8.63	8.404	12.04
10-Apr-1990	8.634	8.679	12.137
17-Apr-1990	8.745	8.666	12.396
24-Apr-1990	8.981	8.83	12.477
01-May-1990	9.066	8.806	12.777
08-May-1990	8.838	8.467	12.329
15-May-1990	8.682	8.62	12.129
22-May-1990	8.687	8.784	11.612
29-May-1990	8.663	8.732	11.86
05-Jun-1990	8.461	8.648	11.649
12-Jun-1990	8.479	8.821	11.609
19-Jun-1990	8.504	8.83	11.491
26-Jun-1990	8.545	8.714	11.25
03-Jul-1990	8.392	8.636	11.528
10-Jul-1990	8.561	8.704	11.666
17-Jul-1990	8.432	8.489	11.475
24-Jul-1990	8.534	8.503	11.466
31-Jul-1990	8.338	8.487	11.455
07-Aug-1990	8.745	8.887	11.863
14-Aug-1990	8.671	8.813	11.878
21-Aug-1990	8.854	8.956	12.115
28-Aug-1990	8.957	8.866	11.858
04-Sep-1990	8.892	9.014	11.773
11-Sep-1990	8.796	8.946	11.725
18-Sep-1990	8.902	9.037	11.815
25-Sep-1990	8.999	9.104	11.774
02-Oct-1990	8.681	8.976	11.909
09-Oct-1990	8.81	9.065	11.507
16-Oct-1990	8.781	9.078	11.632
23-Oct-1990	8.666	8.978	11.543
30-Oct-1990	8.69	8.994	11.483
06-Nov-1990	8.505	9.01	11.417
13-Nov-1990	8.387	8.962	11.407
20-Nov-1990	8.326	8.858	11.204
27-Nov-1990	8.302	8.821	10.919
04-Dec-1990	8.2	8.853	10.797
11-Dec-1990	7.936	8.747	10.629
18-Dec-1990	7.989	8.735	10.751
25-Dec-1990	8.193	8.912	10.875
01-Jan-1991	8.073	8.998	10.946
08-Jan-1991	8.155	8.97	10.686
15-Jan-1991	8.214	9.023	10.724
22-Jan-1991	8.061	8.909	10.39
29-Jan-1991	8.024	8.708	10.363
05-Feb-1991	7.841	8.474	10.224
12-Feb-1991	7.813	8.432	10.137
19-Feb-1991	7.853	8.192	9.99
26-Feb-1991	8.016	8.303	10.131
05-Mar-1991	8.082	8.387	10.237
12-Mar-1991	8.087	8.322	10.196
19-Mar-1991	8.248	8.47	10.361
26-Mar-1991	8.124	8.503	10.247
02-Apr-1991	8.021	8.419	10.129
09-Apr-1991	8.021	8.22	10.088
16-Apr-1991	7.96	8.287	10.169
23-Apr-1991	8.111	8.376	10.22
30-Apr-1991	8.016	8.34	10.241
07-May-1991	8.054	8.356	10.2
14-May-1991	8.178	8.406	10.387
21-May-1991	8.078	8.379	10.356
28-May-1991	8.088	8.308	10.357
04-Jun-1991	8.134	8.311	10.515
11-Jun-1991	8.275	8.348	10.484
18-Jun-1991	8.308	8.356	10.528
25-Jun-1991	8.318	8.349	10.604
02-Jul-1991	8.257	8.531	10.465
09-Jul-1991	8.352	8.561	10.234
16-Jul-1991	8.257	8.547	10.214
23-Jul-1991	8.301	8.631	10.221
30-Jul-1991	8.189	8.676	10.157
06-Aug-1991	7.957	8.577	10.026
13-Aug-1991	7.934	8.547	10.062
20-Aug-1991	7.832	8.591	10.004
27-Aug-1991	7.93	8.504	9.972
03-Sep-1991	7.796	8.389	9.807
10-Sep-1991	7.714	8.401	9.695
17-Sep-1991	7.606	8.401	9.603
24-Sep-1991	7.552	8.43	9.562
01-Oct-1991	7.44	8.34	9.532
08-Oct-1991	7.412	8.278	9.653
15-Oct-1991	7.443	8.242	9.737
22-Oct-1991	7.658	8.329	9.87
29-Oct-1991	7.491	8.387	9.708
05-Nov-1991	7.54	8.376	9.774
12-Nov-1991	7.379	8.213	9.623
19-Nov-1991	7.401	8.237	9.689
26-Nov-1991	7.454	8.274	9.942
03-Dec-1991	7.272	8.315	9.86
10-Dec-1991	7.206	8.244	9.66
17-Dec-1991	7.174	8.172	9.557
24-Dec-1991	6.87	8.132	9.684
31-Dec-1991	6.698	8.054	9.727
07-Jan-1992	6.748	7.989	9.463
14-Jan-1992	7.022	7.937	9.59
21-Jan-1992	7.017	7.859	9.429
28-Jan-1992	7.148	7.91	9.446
04-Feb-1992	7.277	7.913	9.38
11-Feb-1992	7.218	7.85	9.323
18-Feb-1992	7.452	7.907	9.303
25-Feb-1992	7.43	7.912	9.321
03-Mar-1992	7.42	7.85	9.334
10-Mar-1992	7.411	7.869	9.502
17-Mar-1992	7.609	7.929	9.711
24-Mar-1992	7.512	8.043	9.779
31-Mar-1992	7.531	7.997	9.876
07-Apr-1992	7.393	7.941	9.92
14-Apr-1992	7.329	7.904	9.13
21-Apr-1992	7.564	7.932	9.184
28-Apr-1992	7.555	7.982	9.178
05-May-1992	7.541	8.039	9.215
12-May-1992	7.384	7.97	9.149
19-May-1992	7.242	7.949	9.033
26-May-1992	7.49	7.915	8.973
02-Jun-1992	7.343	8.077	8.963
09-Jun-1992	7.32	8.072	9.193
16-Jun-1992	7.231	8.12	9.16
23-Jun-1992	7.235	8.175	9.239
30-Jun-1992	7.125	8.165	9.178
07-Jul-1992	6.855	8.099	9.01
14-Jul-1992	6.953	8.154	9.051
21-Jul-1992	6.875	8.142	9.111
28-Jul-1992	6.61	8.109	9.09
04-Aug-1992	6.638	8.094	9.311
11-Aug-1992	6.477	8.047	9.328
18-Aug-1992	6.527	7.956	9.222
25-Aug-1992	6.768	7.868	9.509
01-Sep-1992	6.553	7.894	9.655
08-Sep-1992	6.277	7.76	9.266
15-Sep-1992	6.388	7.627	9.27
22-Sep-1992	6.483	7.542	9.051
29-Sep-1992	6.354	7.561	8.947
06-Oct-1992	6.285	7.386	9.234
13-Oct-1992	6.497	7.453	8.916
20-Oct-1992	6.849	7.323	8.493
27-Oct-1992	6.759	7.34	8.207
03-Nov-1992	6.855	7.325	8.24
10-Nov-1992	6.892	7.291	8.032
17-Nov-1992	6.847	7.364	8.343
24-Nov-1992	6.798	7.279	8.359
01-Dec-1992	6.917	7.357	8.52
08-Dec-1992	6.714	7.352	8.392
15-Dec-1992	6.81	7.35	8.426
22-Dec-1992	6.63	7.217	8.371
29-Dec-1992	6.675	7.195	8.311
05-Jan-1993	6.586	7.184	8.332
12-Jan-1993	6.699	7.144	8.457
19-Jan-1993	6.569	7.106	8.438
26-Jan-1993	6.476	7.158	8.176
02-Feb-1993	6.432	7.039	7.983
09-Feb-1993	6.384	7.016	8.038
16-Feb-1993	6.401	6.969	7.892
23-Feb-1993	5.968	6.777	7.785
02-Mar-1993	5.946	6.67	7.678
09-Mar-1993	5.903	6.558	7.555
16-Mar-1993	6.053	6.618	7.678
23-Mar-1993	5.902	6.707	7.674
30-Mar-1993	6.01	6.668	7.78
06-Apr-1993	6.072	6.685	7.731
13-Apr-1993	5.925	6.556	7.642
20-Apr-1993	5.861	6.591	7.855
27-Apr-1993	6.012	6.722	7.891
04-May-1993	5.906	6.787	8.067
11-May-1993	5.876	6.787	8.112
18-May-1993	6.129	6.803	8.112
25-May-1993	6.151	6.852	8.07
01-Jun-1993	6.056	6.895	8.093
08-Jun-1993	6.073	6.9	8.027
15-Jun-1993	5.936	6.791	7.917
22-Jun-1993	5.893	6.723	7.78
29-Jun-1993	5.766	6.646	7.671
06-Jul-1993	5.783	6.722	7.537
13-Jul-1993	5.753	6.565	7.505
20-Jul-1993	5.727	6.567	7.429
27-Jul-1993	5.899	6.564	7.534
03-Aug-1993	5.81	6.492	7.234
10-Aug-1993	5.8	6.412	7.022
17-Aug-1993	5.729	6.406	6.83
24-Aug-1993	5.585	6.388	6.981
31-Aug-1993	5.476	6.252	6.797
07-Sep-1993	5.222	6.137	6.796
14-Sep-1993	5.361	6.127	6.853
21-Sep-1993	5.462	6.08	7.04
28-Sep-1993	5.271	6.062	6.936
05-Oct-1993	5.335	6.036	6.861
12-Oct-1993	5.25	5.956	6.809
19-Oct-1993	5.253	5.88	6.808
26-Oct-1993	5.411	5.886	6.751
02-Nov-1993	5.604	5.859	6.874
09-Nov-1993	5.617	5.89	6.842
16-Nov-1993	5.633	5.833	6.754
23-Nov-1993	5.794	5.883	6.748
30-Nov-1993	5.798	5.866	6.644
07-Dec-1993	5.684	5.929	6.432
14-Dec-1993	5.79	5.819	6.322
21-Dec-1993	5.816	5.801	6.228
28-Dec-1993	5.68	5.771	6.168
04-Jan-1994	5.847	5.712	6.207
11-Jan-1994	5.625	5.712	6.257
18-Jan-1994	5.702	5.807	6.275
25-Jan-1994	5.732	5.84	6.198
01-Feb-1994	5.724	5.78	6.268
08-Feb-1994	5.963	5.935	6.518
15-Feb-1994	5.927	5.896	6.579
22-Feb-1994	6.1	6.088	6.801
01-Mar-1994	6.279	6.248	7.092
08-Mar-1994	6.371	6.198	6.982
15-Mar-1994	6.464	6.156	7.05
22-Mar-1994	6.433	6.337	7.293
29-Mar-1994	6.703	6.294	7.81
05-Apr-1994	6.962	6.379	7.552
12-Apr-1994	6.857	6.216	7.536
19-Apr-1994	7.087	6.542	7.769
26-Apr-1994	6.841	6.644	7.756
03-May-1994	7.114	6.575	7.947
10-May-1994	7.312	6.632	8.287
17-May-1994	7.041	6.537	7.973
24-May-1994	7.167	6.651	8.092
31-May-1994	7.168	6.938	8.657
07-Jun-1994	6.937	6.995	8.484
14-Jun-1994	6.989	7.094	8.521
21-Jun-1994	7.2	7.295	8.775
28-Jun-1994	7.24	6.96	8.495
05-Jul-1994	7.299	7.093	8.602
12-Jul-1994	7.413	6.841	8.247
19-Jul-1994	7.129	6.732	8.147
26-Jul-1994	7.259	6.796	8.275
02-Aug-1994	7.088	6.801	8.356
09-Aug-1994	7.309	6.987	8.447
16-Aug-1994	7.191	7.195	8.58
23-Aug-1994	7.291	7.299	8.643
30-Aug-1994	7.214	7.188	8.504
06-Sep-1994	7.263	7.428	8.74
13-Sep-1994	7.43	7.584	8.701
20-Sep-1994	7.521	7.716	9.048
27-Sep-1994	7.595	7.591	8.925
04-Oct-1994	7.684	7.705	8.86
11-Oct-1994	7.638	7.6	8.661
18-Oct-1994	7.625	7.33	8.546
25-Oct-1994	7.865	7.617	8.862
01-Nov-1994	7.9	7.618	8.677
08-Nov-1994	7.992	7.652	8.72
15-Nov-1994	7.916	7.453	8.578
22-Nov-1994	7.999	7.496	8.519
29-Nov-1994	7.962	7.351	8.48
06-Dec-1994	7.723	7.336	8.604
13-Dec-1994	7.827	7.505	8.576
20-Dec-1994	7.808	7.505	8.506
27-Dec-1994	7.753	7.479	8.477
03-Jan-1995	7.876	7.635	8.76
10-Jan-1995	7.834	7.702	8.706
17-Jan-1995	7.692	7.515	8.616
24-Jan-1995	7.852	7.579	8.725
31-Jan-1995	7.595	7.433	8.544
07-Feb-1995	7.513	7.357	8.46
14-Feb-1995	7.508	7.44	8.726
21-Feb-1995	7.427	7.432	8.699
28-Feb-1995	7.217	7.32	8.618
07-Mar-1995	7.44	7.399	8.801
14-Mar-1995	7.085	7.341	8.529
21-Mar-1995	7.154	7.12	8.412
28-Mar-1995	7.149	7.141	8.462
04-Apr-1995	7.113	7.038	8.391
11-Apr-1995	7.081	7.125	8.445
18-Apr-1995	7.028	7.057	8.307
25-Apr-1995	6.997	7.047	8.388
02-May-1995	7.031	7.054	8.424
09-May-1995	6.591	6.916	8.245
16-May-1995	6.569	6.859	8.134
23-May-1995	6.593	6.823	8.049
30-May-1995	6.328	6.667	7.875
06-Jun-1995	6.073	6.509	7.694
13-Jun-1995	6.13	6.772	8.003
20-Jun-1995	6.147	6.688	8.102
27-Jun-1995	6.134	6.82	8.401
04-Jul-1995	6.2	6.899	8.378
11-Jul-1995	6.078	6.724	8.1
18-Jul-1995	6.234	6.773	8.224
25-Jul-1995	6.413	6.777	8.273
01-Aug-1995	6.487	6.759	8.227
08-Aug-1995	6.453	6.667	8.027
15-Aug-1995	6.602	6.778	8.253
22-Aug-1995	6.571	6.689	8.061
29-Aug-1995	6.387	6.673	8.06
05-Sep-1995	6.169	6.615	7.918
12-Sep-1995	6.151	6.589	7.839
19-Sep-1995	6.13	6.47	7.864
26-Sep-1995	6.269	6.548	7.991
03-Oct-1995	6.116	6.574	8.013
10-Oct-1995	6.057	6.56	8.147
17-Oct-1995	5.953	6.54	8.142
24-Oct-1995	6.01	6.537	8.224
31-Oct-1995	6.009	6.454	7.946
07-Nov-1995	5.976	6.395	7.883
14-Nov-1995	5.954	6.313	7.824
21-Nov-1995	5.937	6.343	7.765
28-Nov-1995	5.903	6.227	7.624
05-Dec-1995	5.643	6.051	7.488
12-Dec-1995	5.717	6.081	7.441
19-Dec-1995	5.799	6.093	7.538
26-Dec-1995	5.683	6.088	7.533
02-Jan-1996	5.591	5.966	7.457
09-Jan-1996	5.69	5.949	7.469
16-Jan-1996	5.652	5.842	7.321
23-Jan-1996	5.648	5.87	7.341
30-Jan-1996	5.618	5.921	7.434
06-Feb-1996	5.659	6.08	7.656
13-Feb-1996	5.58	6.069	7.579
20-Feb-1996	6.015	6.324	7.863
27-Feb-1996	6.072	6.427	7.916
05-Mar-1996	5.958	6.254	7.808
12-Mar-1996	6.351	6.539	8.19
19-Mar-1996	6.4	6.529	8.132
26-Mar-1996	6.241	6.414	8.123
02-Apr-1996	6.247	6.368	8.06
09-Apr-1996	6.557	6.47	8.116
16-Apr-1996	6.472	6.424	8.026
23-Apr-1996	6.505	6.323	7.995
30-Apr-1996	6.643	6.334	8.027
07-May-1996	6.854	6.538	8.24
14-May-1996	6.609	6.444	7.993
21-May-1996	6.578	6.39	8.021
28-May-1996	6.598	6.393	8.043
04-Jun-1996	6.849	6.495	8.028
11-Jun-1996	6.981	6.574	8.034
18-Jun-1996	6.919	6.66	8.099
25-Jun-1996	6.897	6.572	7.994
02-Jul-1996	6.787	6.515	7.907
09-Jul-1996	7.004	6.591	7.921
16-Jul-1996	6.835	6.547	7.958
23-Jul-1996	6.791	6.4	7.926
30-Jul-1996	6.871	6.417	7.904
06-Aug-1996	6.533	6.287	7.768
13-Aug-1996	6.558	6.273	7.782
20-Aug-1996	6.574	6.244	7.777
27-Aug-1996	6.763	6.366	7.874
03-Sep-1996	6.903	6.417	7.915
10-Sep-1996	6.924	6.303	7.87
17-Sep-1996	6.792	6.177	7.729
24-Sep-1996	6.757	6.173	7.816
01-Oct-1996	6.635	6.076	7.612
08-Oct-1996	6.523	6.027	7.412
15-Oct-1996	6.643	5.976	7.408
22-Oct-1996	6.574	5.976	7.523
29-Oct-1996	6.406	6.052	7.56
05-Nov-1996	6.278	6.002	7.619
12-Nov-1996	6.177	5.861	7.605
19-Nov-1996	6.159	5.795	7.489
26-Nov-1996	6.121	5.789	7.44
03-Dec-1996	6.057	5.581	7.344
10-Dec-1996	6.208	5.756	7.491
17-Dec-1996	6.404	5.857	7.672
24-Dec-1996	6.335	5.812	7.504
31-Dec-1996	6.417	5.768	7.508
07-Jan-1997	6.56	5.954	7.736
14-Jan-1997	6.516	5.801	7.544
21-Jan-1997	6.508	5.712	7.421
28-Jan-1997	6.627	5.804	7.453
04-Feb-1997	6.433	5.691	7.246
11-Feb-1997	6.411	5.578	7.13
18-Feb-1997	6.285	5.451	7.086
25-Feb-1997	6.415	5.528	7.156
04-Mar-1997	6.59	5.523	7.217
11-Mar-1997	6.564	5.623	7.266
18-Mar-1997	6.719	5.894	7.461
25-Mar-1997	6.756	5.869	7.571
01-Apr-1997	6.887	6.001	7.72
08-Apr-1997	6.897	5.899	7.613
15-Apr-1997	6.879	5.896	7.53
22-Apr-1997	6.839	5.877	7.581
29-Apr-1997	6.763	5.883	7.554
06-May-1997	6.66	5.766	7.088
13-May-1997	6.696	5.704	6.991
20-May-1997	6.687	5.787	7.092
27-May-1997	6.769	5.923	7.211
03-Jun-1997	6.617	5.871	7.082
10-Jun-1997	6.556	5.784	7.116
17-Jun-1997	6.414	5.692	7.064
24-Jun-1997	6.405	5.739	7.136
01-Jul-1997	6.439	5.708	7.017
08-Jul-1997	6.26	5.55	7.029
15-Jul-1997	6.247	5.606	7.101
22-Jul-1997	6.145	5.539	7.007
29-Jul-1997	6.094	5.527	6.972
05-Aug-1997	6.224	5.655	7.091
12-Aug-1997	6.403	5.644	7.039
19-Aug-1997	6.249	5.603	7.009
26-Aug-1997	6.425	5.712	7.069
02-Sep-1997	6.297	5.678	7.017
09-Sep-1997	6.327	5.656	6.97
16-Sep-1997	6.096	5.618	6.696
23-Sep-1997	6.083	5.533	6.645
30-Sep-1997	6.108	5.523	6.442
07-Oct-1997	5.927	5.406	6.304
14-Oct-1997	6.062	5.552	6.416
21-Oct-1997	6.13	5.665	6.601
28-Oct-1997	5.968	5.597	6.596
04-Nov-1997	5.943	5.595	6.565
11-Nov-1997	5.896	5.607	6.667
18-Nov-1997	5.837	5.543	6.659
25-Nov-1997	5.841	5.499	6.51
02-Dec-1997	5.849	5.425	6.468
09-Dec-1997	5.938	5.385	6.409
16-Dec-1997	5.764	5.278	6.28
23-Dec-1997	5.718	5.223	6.216
30-Dec-1997	5.789	5.302	6.333
06-Jan-1998	5.481	5.188	6.092
13-Jan-1998	5.402	5.071	5.978
20-Jan-1998	5.55	5.053	6.068
27-Jan-1998	5.687	5.076	6.078
03-Feb-1998	5.548	5.072	6.064
10-Feb-1998	5.631	5.079	6.017
17-Feb-1998	5.504	4.913	5.912
24-Feb-1998	5.747	4.931	6.038
03-Mar-1998	5.765	4.932	6.094
10-Mar-1998	5.66	4.912	5.974
17-Mar-1998	5.551	4.842	5.925
24-Mar-1998	5.568	4.858	5.901
31-Mar-1998	5.668	4.922	5.898
07-Apr-1998	5.522	4.852	5.771
14-Apr-1998	5.622	4.856	5.746
21-Apr-1998	5.677	4.893	5.782
28-Apr-1998	5.796	5.01	5.894
05-May-1998	5.69	4.965	5.815
12-May-1998	5.699	5.036	5.894
19-May-1998	5.673	4.984	5.927
26-May-1998	5.588	4.891	5.763
02-Jun-1998	5.552	4.846	5.68
09-Jun-1998	5.576	4.854	5.77
16-Jun-1998	5.432	4.769	5.744
23-Jun-1998	5.44	4.768	5.854
30-Jun-1998	5.436	4.778	5.853
07-Jul-1998	5.407	4.702	5.824
14-Jul-1998	5.476	4.693	5.802
21-Jul-1998	5.439	4.679	5.859
28-Jul-1998	5.484	4.676	5.828
04-Aug-1998	5.426	4.593	5.691
11-Aug-1998	5.364	4.499	5.564
18-Aug-1998	5.405	4.423	5.586
25-Aug-1998	5.237	4.203	5.439
01-Sep-1998	5.043	4.218	5.382
08-Sep-1998	5.034	4.241	5.328
15-Sep-1998	4.878	3.977	5.096
22-Sep-1998	4.716	3.931	4.945
29-Sep-1998	4.567	3.941	4.92
06-Oct-1998	4.219	3.79	4.685
13-Oct-1998	4.724	4.13	5.147
20-Oct-1998	4.528	4.071	5.061
27-Oct-1998	4.596	4.126	5.052
03-Nov-1998	4.748	4.164	4.974
10-Nov-1998	4.894	4.17	4.987
17-Nov-1998	4.928	4.136	4.902
24-Nov-1998	4.891	4.02	4.838
01-Dec-1998	4.661	3.94	4.64
08-Dec-1998	4.597	3.872	4.574
15-Dec-1998	4.625	3.826	4.46
22-Dec-1998	4.7	3.904	4.506
29-Dec-1998	4.703	3.911	4.407
05-Jan-1999	4.735	3.767	4.325
12-Jan-1999	4.811	3.826	4.359
19-Jan-1999	4.703	3.672	4.294
26-Jan-1999	4.69	3.662	4.178
02-Feb-1999	4.787	3.683	4.195
09-Feb-1999	4.901	3.796	4.332
16-Feb-1999	5.029	3.88	4.502
23-Feb-1999	5.083	3.846	4.396
02-Mar-1999	5.346	4.076	4.713
09-Mar-1999	5.177	4.074	4.764
16-Mar-1999	5.102	4.011	4.587
23-Mar-1999	5.191	4.001	4.599
30-Mar-1999	5.191	4.046	4.618
06-Apr-1999	5.124	3.941	4.409
13-Apr-1999	5.104	3.809	4.415
20-Apr-1999	5.142	3.835	4.451
27-Apr-1999	5.211	3.859	4.568
04-May-1999	5.412	3.889	4.717
11-May-1999	5.585	4.036	4.762
18-May-1999	5.735	4.121	4.835
25-May-1999	5.562	4.006	4.743
01-Jun-1999	5.764	4.173	4.895
08-Jun-1999	5.819	4.214	4.956
15-Jun-1999	5.961	4.3	4.972
22-Jun-1999	5.931	4.354	5.09
29-Jun-1999	5.923	4.56	5.101
06-Jul-1999	5.868	4.68	5.186
13-Jul-1999	5.694	4.655	5.153
20-Jul-1999	5.635	4.71	5.218
27-Jul-1999	5.801	4.637	5.21
03-Aug-1999	5.948	4.93	5.303
10-Aug-1999	6.151	5.032	5.372
17-Aug-1999	5.941	4.918	5.292
24-Aug-1999	5.89	4.808	5.165
31-Aug-1999	6.035	4.924	5.178
07-Sep-1999	5.942	4.943	5.404
14-Sep-1999	5.95	5.087	5.584
21-Sep-1999	5.925	5.116	5.59
28-Sep-1999	5.874	5.056	5.644
05-Oct-1999	6.026	5.169	5.682
12-Oct-1999	6.06	5.289	5.742
19-Oct-1999	6.168	5.425	5.733
26-Oct-1999	6.229	5.437	5.767
02-Nov-1999	6.026	5.135	5.283
09-Nov-1999	5.95	4.931	5.134
16-Nov-1999	5.954	4.868	4.973
23-Nov-1999	6.079	5.066	5.169
30-Nov-1999	6.166	5.181	5.218
07-Dec-1999	6.105	5.031	5.238
14-Dec-1999	6.206	5.06	5.167
21-Dec-1999	6.361	5.253	5.322
28-Dec-1999	6.42	5.287	5.402
04-Jan-2000	6.493	5.521	5.655
11-Jan-2000	6.668	5.491	5.709
18-Jan-2000	6.747	5.606	5.86
25-Jan-2000	6.688	5.524	5.7
01-Feb-2000	6.621	5.505	5.585
08-Feb-2000	6.604	5.516	5.612
15-Feb-2000	6.648	5.563	5.586
22-Feb-2000	6.465	5.464	5.425
29-Feb-2000	6.543	5.489	5.446
07-Mar-2000	6.384	5.41	5.275
14-Mar-2000	6.299	5.342	5.306
21-Mar-2000	6.142	5.228	5.177
28-Mar-2000	6.171	5.287	5.324
04-Apr-2000	5.859	5.195	5.231
11-Apr-2000	5.882	5.12	5.171
18-Apr-2000	6.068	5.235	5.265
25-Apr-2000	6.122	5.309	5.337
02-May-2000	6.317	5.328	5.232
09-May-2000	6.525	5.396	5.297
16-May-2000	6.416	5.398	5.306
23-May-2000	6.446	5.343	5.437
30-May-2000	6.372	5.203	5.242
06-Jun-2000	6.127	5.097	5.106
13-Jun-2000	6.105	5.168	5.093
20-Jun-2000	6.02	5.1	5.122
27-Jun-2000	6.083	5.226	5.232
04-Jul-2000	5.985	5.26	5.167
11-Jul-2000	6.052	5.268	5.147
18-Jul-2000	6.15	5.3	5.237
25-Jul-2000	6.025	5.198	5.138
01-Aug-2000	5.991	5.182	5.192
08-Aug-2000	5.918	5.188	5.207
15-Aug-2000	5.939	5.16	5.278
22-Aug-2000	5.913	5.243	5.315
29-Aug-2000	5.955	5.261	5.317
05-Sep-2000	5.68	5.206	5.271
12-Sep-2000	5.767	5.276	5.394
19-Sep-2000	5.852	5.327	5.35
26-Sep-2000	5.801	5.252	5.326
03-Oct-2000	5.865	5.229	5.197
10-Oct-2000	5.801	5.225	5.12
17-Oct-2000	5.663	5.213	5.109
24-Oct-2000	5.625	5.198	5.135
31-Oct-2000	5.755	5.23	5.155
07-Nov-2000	5.857	5.234	5.164
14-Nov-2000	5.743	5.183	5.111
21-Nov-2000	5.659	5.173	5.06
28-Nov-2000	5.587	5.072	4.885
05-Dec-2000	5.429	4.935	4.851
12-Dec-2000	5.342	4.979	4.939
19-Dec-2000	5.187	4.877	4.93
26-Dec-2000	5.025	4.865	4.927
02-Jan-2001	4.921	4.739	4.783
09-Jan-2001	4.977	4.749	4.859
16-Jan-2001	5.235	4.851	4.943
23-Jan-2001	5.282	4.844	4.962
30-Jan-2001	5.222	4.819	4.896
06-Feb-2001	5.209	4.777	4.84
13-Feb-2001	5.192	4.756	4.844
20-Feb-2001	5.223	4.814	4.937
27-Feb-2001	5.088	4.757	4.898
06-Mar-2001	4.984	4.756	4.859
13-Mar-2001	4.947	4.733	4.838
20-Mar-2001	4.79	4.697	4.683
27-Mar-2001	4.987	4.669	4.765
03-Apr-2001	4.945	4.713	4.761
10-Apr-2001	5.082	4.765	4.783
17-Apr-2001	5.208	4.883	4.972
24-Apr-2001	5.208	4.961	5.01
01-May-2001	5.296	5.036	5.084
08-May-2001	5.229	4.948	4.982
15-May-2001	5.496	5.098	5.097
22-May-2001	5.398	5.11	5.125
29-May-2001	5.519	5.132	5.205
05-Jun-2001	5.27	5.016	5.082
12-Jun-2001	5.25	5.084	5.219
19-Jun-2001	5.239	5.015	5.167
26-Jun-2001	5.214	4.98	5.155
03-Jul-2001	5.389	5.129	5.346
10-Jul-2001	5.293	5.095	5.21
17-Jul-2001	5.192	5.035	5.166
24-Jul-2001	5.098	4.952	5.091
31-Jul-2001	5.039	4.882	5.03
07-Aug-2001	5.172	4.901	4.99
14-Aug-2001	5.05	4.828	4.889
21-Aug-2001	4.97	4.816	4.864
28-Aug-2001	4.922	4.807	4.827
04-Sep-2001	4.983	4.881	5.01
11-Sep-2001	4.839	4.802	4.873
18-Sep-2001	4.734	4.816	4.884
25-Sep-2001	4.708	4.843	4.946
02-Oct-2001	4.51	4.712	4.865
09-Oct-2001	4.595	4.701	4.808
16-Oct-2001	4.575	4.648	4.79
23-Oct-2001	4.637	4.614	4.8
30-Oct-2001	4.419	4.402	4.559
06-Nov-2001	4.272	4.32	4.432
13-Nov-2001	4.378	4.407	4.499
20-Nov-2001	4.859	4.542	4.66
27-Nov-2001	4.945	4.709	4.779
04-Dec-2001	4.656	4.498	4.618
11-Dec-2001	5.076	4.78	4.906
18-Dec-2001	5.128	4.833	4.862
25-Dec-2001	5.137	4.863	4.849
01-Jan-2002	5.04	4.938	5.06
08-Jan-2002	5.069	4.839	4.914
15-Jan-2002	4.836	4.763	4.856
22-Jan-2002	4.906	4.843	4.862
29-Jan-2002	4.981	4.959	4.992
05-Feb-2002	4.888	4.809	4.795
12-Feb-2002	5.012	4.975	5.032
19-Feb-2002	4.938	4.934	4.944
26-Feb-2002	4.979	4.967	4.995
05-Mar-2002	5.014	5.087	5.123
12-Mar-2002	5.317	5.159	5.193
19-Mar-2002	5.33	5.201	5.247
26-Mar-2002	5.343	5.238	5.302
02-Apr-2002	5.354	5.253	5.299
09-Apr-2002	5.214	5.175	5.228
16-Apr-2002	5.181	5.184	5.233
23-Apr-2002	5.173	5.188	5.27
30-Apr-2002	5.099	5.122	5.191
07-May-2002	5.074	5.103	5.161
14-May-2002	5.294	5.251	5.308
21-May-2002	5.151	5.174	5.256
28-May-2002	5.135	5.163	5.259
04-Jun-2002	5.011	5.126	5.258
11-Jun-2002	4.99	5.127	5.217
18-Jun-2002	4.846	4.981	4.996
25-Jun-2002	4.842	4.975	5.034
02-Jul-2002	4.74	4.921	4.998
09-Jul-2002	4.744	4.995	5.098
16-Jul-2002	4.703	4.846	4.904
23-Jul-2002	4.43	4.794	4.895
30-Jul-2002	4.581	4.775	4.891
06-Aug-2002	4.369	4.607	4.71
13-Aug-2002	4.087	4.496	4.602
20-Aug-2002	4.13	4.561	4.639
27-Aug-2002	4.25	4.654	4.697
03-Sep-2002	3.978	4.432	4.471
10-Sep-2002	3.985	4.467	4.516
17-Sep-2002	3.864	4.361	4.457
24-Sep-2002	3.645	4.281	4.373
01-Oct-2002	3.699	4.297	4.394
08-Oct-2002	3.639	4.295	4.415
15-Oct-2002	3.997	4.563	4.657
22-Oct-2002	4.251	4.639	4.737
29-Oct-2002	3.931	4.496	4.577
05-Nov-2002	4.08	4.606	4.675
12-Nov-2002	3.831	4.394	4.48
19-Nov-2002	3.967	4.435	4.537
26-Nov-2002	4.075	4.479	4.603
03-Dec-2002	4.231	4.473	4.681
10-Dec-2002	4.048	4.374	4.565
17-Dec-2002	4.113	4.324	4.538
24-Dec-2002	3.928	4.276	4.469
31-Dec-2002	3.828	4.195	4.388
07-Jan-2003	4.024	4.279	4.465
14-Jan-2003	4.086	4.248	4.458
21-Jan-2003	3.989	4.108	4.331
28-Jan-2003	3.977	4.031	4.239
04-Feb-2003	3.93	4.012	4.227
11-Feb-2003	3.958	4.012	4.201
18-Feb-2003	3.93	3.992	4.206
25-Feb-2003	3.799	3.877	4.145
04-Mar-2003	3.65	3.886	4.101
11-Mar-2003	3.59	3.81	4.018
18-Mar-2003	3.9	4.118	4.371
25-Mar-2003	3.961	4.198	4.459
01-Apr-2003	3.832	4.042	4.309
08-Apr-2003	3.939	4.218	4.469
15-Apr-2003	3.972	4.207	4.458
22-Apr-2003	3.987	4.114	4.385
29-Apr-2003	3.932	4.142	4.372
06-May-2003	3.808	4.076	4.346
13-May-2003	3.607	3.897	4.198
20-May-2003	3.362	3.743	4.061
27-May-2003	3.389	3.667	4.002
03-Jun-2003	3.342	3.646	4.006
10-Jun-2003	3.192	3.566	3.933
17-Jun-2003	3.261	3.545	3.934
24-Jun-2003	3.264	3.68	4.068
01-Jul-2003	3.551	3.796	4.146
08-Jul-2003	3.732	3.915	4.256
15-Jul-2003	3.913	3.945	4.248
22-Jul-2003	4.15	4.021	4.354
29-Jul-2003	4.4	4.024	4.373
05-Aug-2003	4.44	4.157	4.503
12-Aug-2003	4.285	4.072	4.424
19-Aug-2003	4.294	4.159	4.541
26-Aug-2003	4.411	4.173	4.597
02-Sep-2003	4.603	4.327	4.725
09-Sep-2003	4.367	4.302	4.678
16-Sep-2003	4.294	4.193	4.613
23-Sep-2003	4.214	4.093	4.584
30-Sep-2003	3.938	3.986	4.507
07-Oct-2003	4.244	4.201	4.723
14-Oct-2003	4.348	4.284	4.847
21-Oct-2003	4.363	4.264	4.868
28-Oct-2003	4.188	4.292	5.014
04-Nov-2003	4.306	4.339	5.064
11-Nov-2003	4.461	4.449	5.082
18-Nov-2003	4.146	4.289	4.946
25-Nov-2003	4.166	4.389	5.093
02-Dec-2003	4.379	4.442	5.083
09-Dec-2003	4.354	4.351	4.96
16-Dec-2003	4.235	4.27	4.769
23-Dec-2003	4.272	4.206	4.767
30-Dec-2003	4.281	4.255	4.824
06-Jan-2004	4.281	4.257	4.855
13-Jan-2004	4.031	4.139	4.667
20-Jan-2004	4.058	4.128	4.721
27-Jan-2004	4.088	4.14	4.799
03-Feb-2004	4.104	4.205	4.89
10-Feb-2004	4.103	4.132	4.788
17-Feb-2004	4.028	4.078	4.75
24-Feb-2004	4.011	4.077	4.786
02-Mar-2004	4.046	4.063	4.777
09-Mar-2004	3.72	3.905	4.63
16-Mar-2004	3.685	3.93	4.663
23-Mar-2004	3.713	3.88	4.66
30-Mar-2004	3.904	3.938	4.774
06-Apr-2004	4.173	4.08	4.903
13-Apr-2004	4.342	4.142	4.963
20-Apr-2004	4.415	4.151	4.966
27-Apr-2004	4.406	4.182	4.983
04-May-2004	4.544	4.154	4.946
11-May-2004	4.768	4.284	5.073
18-May-2004	4.738	4.296	5.089
25-May-2004	4.704	4.32	5.149
01-Jun-2004	4.702	4.329	5.189
08-Jun-2004	4.768	4.321	5.176
15-Jun-2004	4.686	4.315	5.151
22-Jun-2004	4.704	4.321	5.178
29-Jun-2004	4.694	4.328	5.159
06-Jul-2004	4.478	4.254	5.051
13-Jul-2004	4.48	4.264	5.097
20-Jul-2004	4.446	4.212	5.033
27-Jul-2004	4.594	4.278	5.158
03-Aug-2004	4.422	4.188	5.084
10-Aug-2004	4.284	4.057	4.933
17-Aug-2004	4.2	4.068	4.96
24-Aug-2004	4.278	4.11	5.001
31-Aug-2004	4.124	4.019	4.914
07-Sep-2004	4.243	4.14	4.977
14-Sep-2004	4.132	4.055	4.906
21-Sep-2004	4.035	4.008	4.882
28-Sep-2004	4.01	3.939	4.804
05-Oct-2004	4.172	3.992	4.837
12-Oct-2004	4.102	3.912	4.74
19-Oct-2004	4.038	3.907	4.75
26-Oct-2004	3.988	3.82	4.683
02-Nov-2004	4.074	3.907	4.803
09-Nov-2004	4.217	3.867	4.752
16-Nov-2004	4.204	3.738	4.616
23-Nov-2004	4.188	3.741	4.618
30-Nov-2004	4.364	3.735	4.59
07-Dec-2004	4.228	3.677	4.568
14-Dec-2004	4.133	3.589	4.502
21-Dec-2004	4.172	3.622	4.485
28-Dec-2004	4.292	3.663	4.445
04-Jan-2005	4.284	3.649	4.526
11-Jan-2005	4.247	3.591	4.508
18-Jan-2005	4.197	3.533	4.543
25-Jan-2005	4.188	3.542	4.58
01-Feb-2005	4.138	3.535	4.585
08-Feb-2005	4.037	3.472	4.484
15-Feb-2005	4.104	3.503	4.566
22-Feb-2005	4.298	3.692	4.721
01-Mar-2005	4.375	3.73	4.775
08-Mar-2005	4.377	3.709	4.829
15-Mar-2005	4.544	3.702	4.779
22-Mar-2005	4.611	3.685	4.774
29-Mar-2005	4.593	3.696	4.778
05-Apr-2005	4.473	3.594	4.706
12-Apr-2005	4.364	3.538	4.682
19-Apr-2005	4.204	3.441	4.587
26-Apr-2005	4.267	3.444	4.57
03-May-2005	4.207	3.373	4.503
10-May-2005	4.221	3.356	4.501
17-May-2005	4.141	3.299	4.348
24-May-2005	4.066	3.252	4.323
31-May-2005	4.03	3.219	4.305
07-Jun-2005	3.909	3.159	4.236
14-Jun-2005	4.125	3.199	4.32
21-Jun-2005	4.05	3.214	4.342
28-Jun-2005	3.965	3.151	4.224
05-Jul-2005	4.109	3.206	4.255
12-Jul-2005	4.139	3.222	4.299
19-Jul-2005	4.189	3.288	4.321
26-Jul-2005	4.239	3.239	4.304
02-Aug-2005	4.334	3.326	4.376
09-Aug-2005	4.393	3.365	4.395
16-Aug-2005	4.251	3.236	4.294
23-Aug-2005	4.211	3.171	4.245
30-Aug-2005	4.119	3.145	4.171
06-Sep-2005	4.084	3.071	4.186
13-Sep-2005	4.133	3.088	4.187
20-Sep-2005	4.243	3.085	4.222
27-Sep-2005	4.303	3.126	4.287
04-Oct-2005	4.374	3.175	4.276
11-Oct-2005	4.384	3.188	4.272
18-Oct-2005	4.478	3.286	4.4
25-Oct-2005	4.506	3.295	4.403
01-Nov-2005	4.577	3.421	4.338
08-Nov-2005	4.564	3.457	4.393
15-Nov-2005	4.557	3.504	4.334
22-Nov-2005	4.43	3.484	4.238
29-Nov-2005	4.484	3.434	4.236
06-Dec-2005	4.496	3.483	4.241
13-Dec-2005	4.537	3.399	4.292
20-Dec-2005	4.468	3.344	4.173
27-Dec-2005	4.342	3.328	4.176
03-Jan-2006	4.373	3.326	4.105
10-Jan-2006	4.43	3.283	4.132
17-Jan-2006	4.333	3.258	3.983
24-Jan-2006	4.392	3.372	4.032
31-Jan-2006	4.53	3.463	4.143
07-Feb-2006	4.568	3.514	4.214
14-Feb-2006	4.615	3.483	4.156
21-Feb-2006	4.565	3.444	4.121
28-Feb-2006	4.549	3.483	4.183
07-Mar-2006	4.738	3.594	4.257
14-Mar-2006	4.698	3.652	4.311
21-Mar-2006	4.716	3.675	4.358
28-Mar-2006	4.782	3.731	4.394
04-Apr-2006	4.876	3.837	4.422
11-Apr-2006	4.934	3.87	4.451
18-Apr-2006	4.978	3.951	4.525
25-Apr-2006	5.072	3.992	4.64
02-May-2006	5.113	3.975	4.644
09-May-2006	5.129	4.022	4.72
16-May-2006	5.103	3.977	4.626
23-May-2006	5.064	3.913	4.63
30-May-2006	5.084	3.91	4.58
06-Jun-2006	5.002	4.003	4.667
13-Jun-2006	4.958	3.857	4.529
20-Jun-2006	5.155	3.989	4.731
27-Jun-2006	5.208	4.084	4.749
04-Jul-2006	5.151	4.071	4.684
11-Jul-2006	5.098	4.045	4.626
18-Jul-2006	5.13	4.009	4.652
25-Jul-2006	5.063	3.963	4.625
01-Aug-2006	4.982	3.928	4.61
08-Aug-2006	4.92	3.902	4.659
15-Aug-2006	4.928	3.966	4.725
22-Aug-2006	4.81	3.803	4.526
29-Aug-2006	4.783	3.829	4.565
05-Sep-2006	4.779	3.784	4.541
12-Sep-2006	4.77	3.832	4.606
19-Sep-2006	4.734	3.829	4.648
26-Sep-2006	4.583	3.652	4.457
03-Oct-2006	4.612	3.729	4.553
10-Oct-2006	4.746	3.807	4.605
17-Oct-2006	4.774	3.796	4.625
24-Oct-2006	4.822	3.869	4.699
31-Oct-2006	4.606	3.738	4.511
07-Nov-2006	4.658	3.735	4.542
14-Nov-2006	4.566	3.714	4.528
21-Nov-2006	4.58	3.705	4.542
28-Nov-2006	4.51	3.683	4.533
05-Dec-2006	4.444	3.679	4.493
12-Dec-2006	4.493	3.732	4.609
19-Dec-2006	4.601	3.856	4.726
26-Dec-2006	4.604	3.887	4.727
02-Jan-2007	4.69	3.926	4.753
09-Jan-2007	4.658	4.002	4.795
16-Jan-2007	4.752	4.034	4.883
23-Jan-2007	4.805	4.014	4.892
30-Jan-2007	4.877	4.106	4.982
06-Feb-2007	4.767	4.025	4.979
13-Feb-2007	4.814	4.12	4.95
20-Feb-2007	4.683	4.063	4.906
27-Feb-2007	4.517	3.963	4.796
06-Mar-2007	4.53	3.914	4.761
13-Mar-2007	4.497	3.903	4.763
20-Mar-2007	4.549	3.905	4.826
27-Mar-2007	4.614	4.017	4.934
03-Apr-2007	4.668	4.096	5.017
10-Apr-2007	4.726	4.123	5.015
17-Apr-2007	4.69	4.179	5.083
24-Apr-2007	4.624	4.158	5.053
01-May-2007	4.643	4.148	5.038
08-May-2007	4.635	4.191	5.083
15-May-2007	4.709	4.298	5.132
22-May-2007	4.827	4.331	5.165
29-May-2007	4.879	4.391	5.226
05-Jun-2007	4.972	4.488	5.312
12-Jun-2007	5.249	4.608	5.441
19-Jun-2007	5.085	4.618	5.465
26-Jun-2007	5.102	4.594	5.464
03-Jul-2007	5.046	4.562	5.459
10-Jul-2007	5.034	4.583	5.44
17-Jul-2007	5.075	4.6	5.48
24-Jul-2007	4.942	4.426	5.306
31-Jul-2007	4.773	4.345	5.205
07-Aug-2007	4.744	4.339	5.199
14-Aug-2007	4.73	4.353	5.177
21-Aug-2007	4.588	4.236	5.002
28-Aug-2007	4.527	4.226	5.049
04-Sep-2007	4.558	4.276	5.079
11-Sep-2007	4.36	4.092	4.899
18-Sep-2007	4.477	4.213	4.944
25-Sep-2007	4.612	4.326	5.022
02-Oct-2007	4.528	4.317	4.959
09-Oct-2007	4.65	4.313	4.887
16-Oct-2007	4.658	4.432	5.069
23-Oct-2007	4.403	4.191	4.885
30-Oct-2007	4.379	4.178	4.863
06-Nov-2007	4.356	4.185	4.864
13-Nov-2007	4.261	4.12	4.742
20-Nov-2007	4.053	4.063	4.619
27-Nov-2007	3.943	4.03	4.579
04-Dec-2007	3.891	4.016	4.52
11-Dec-2007	3.996	4.254	4.659
18-Dec-2007	4.118	4.316	4.75
25-Dec-2007	4.213	4.338	4.582
01-Jan-2008	4.034	4.328	4.507
08-Jan-2008	3.839	4.158	4.446
15-Jan-2008	3.699	4.019	4.389
22-Jan-2008	3.485	4.001	4.493
29-Jan-2008	3.658	3.995	4.578
05-Feb-2008	3.585	3.846	4.403
12-Feb-2008	3.67	3.946	4.61
19-Feb-2008	3.867	3.981	4.632
26-Feb-2008	3.854	4.067	4.708
04-Mar-2008	3.57	3.804	4.408
11-Mar-2008	3.594	3.788	4.353
18-Mar-2008	3.459	3.763	4.356
25-Mar-2008	3.492	3.877	4.421
01-Apr-2008	3.549	3.968	4.441
08-Apr-2008	3.558	4.021	4.495
15-Apr-2008	3.571	3.961	4.431
22-Apr-2008	3.72	4.154	4.693
29-Apr-2008	3.825	4.135	4.677
06-May-2008	3.896	4.123	4.665
13-May-2008	3.908	4.09	4.706
20-May-2008	3.775	4.19	4.798
27-May-2008	3.923	4.304	4.924
03-Jun-2008	3.897	4.432	5.029
10-Jun-2008	4.099	4.488	5.123
17-Jun-2008	4.222	4.597	5.158
24-Jun-2008	4.102	4.564	5.147
01-Jul-2008	3.995	4.621	5.14
08-Jul-2008	3.877	4.415	4.906
15-Jul-2008	3.842	4.377	4.848
22-Jul-2008	4.099	4.641	4.994
29-Jul-2008	4.044	4.463	4.891
05-Aug-2008	4.003	4.314	4.766
12-Aug-2008	3.904	4.23	4.638
19-Aug-2008	3.839	4.153	4.584
26-Aug-2008	3.786	4.118	4.494
02-Sep-2008	3.742	4.157	4.498
09-Sep-2008	3.593	4.037	4.436
16-Sep-2008	3.489	3.996	4.407
23-Sep-2008	3.843	4.243	4.664
30-Sep-2008	3.824	4.012	4.439
07-Oct-2008	3.506	3.757	4.24
14-Oct-2008	4.023	4.117	4.729
21-Oct-2008	3.698	3.954	4.618
28-Oct-2008	3.823	3.756	4.395
04-Nov-2008	3.765	3.81	4.471
11-Nov-2008	3.757	3.661	4.211
18-Nov-2008	3.541	3.594	4.08
25-Nov-2008	3.106	3.325	3.864
02-Dec-2008	2.699	3.034	3.486
09-Dec-2008	2.675	3.219	3.582
16-Dec-2008	2.361	3.127	3.399
23-Dec-2008	2.164	2.936	3.124
30-Dec-2008	2.089	2.936	3.087
06-Jan-2009	2.505	3.139	3.498
13-Jan-2009	2.301	2.998	3.464
20-Jan-2009	2.344	3.017	3.737
27-Jan-2009	2.52	3.267	3.878
03-Feb-2009	2.844	3.319	3.95
10-Feb-2009	2.848	3.337	3.847
17-Feb-2009	2.665	2.972	3.407
24-Feb-2009	2.8	2.99	3.413
03-Mar-2009	2.941	3.043	3.557
10-Mar-2009	2.981	2.993	3.111
17-Mar-2009	3.004	3.187	3.069
24-Mar-2009	2.659	3.137	3.318
31-Mar-2009	2.687	2.99	3.16
07-Apr-2009	2.909	3.229	3.441
14-Apr-2009	2.789	3.203	3.214
21-Apr-2009	2.905	3.118	3.295
28-Apr-2009	3.002	3.142	3.45
05-May-2009	3.158	3.204	3.545
12-May-2009	3.17	3.409	3.657
19-May-2009	3.239	3.437	3.491
26-May-2009	3.492	3.535	3.667
02-Jun-2009	3.64	3.603	3.893
09-Jun-2009	3.856	3.63	3.846
16-Jun-2009	3.673	3.531	3.904
23-Jun-2009	3.639	3.449	3.729
30-Jun-2009	3.52	3.381	3.688
07-Jul-2009	3.459	3.319	3.684
14-Jul-2009	3.446	3.301	3.737
21-Jul-2009	3.475	3.376	3.795
28-Jul-2009	3.688	3.425	3.932
04-Aug-2009	3.679	3.347	3.848
11-Aug-2009	3.696	3.475	3.814
18-Aug-2009	3.524	3.287	3.654
25-Aug-2009	3.448	3.266	3.548
01-Sep-2009	3.361	3.241	3.696
08-Sep-2009	3.481	3.267	3.79
15-Sep-2009	3.454	3.289	3.716
22-Sep-2009	3.446	3.394	3.868
29-Sep-2009	3.295	3.23	3.695
06-Oct-2009	3.253	3.152	3.496
13-Oct-2009	3.337	3.16	3.499
20-Oct-2009	3.34	3.24	3.644
27-Oct-2009	3.447	3.28	3.715
03-Nov-2009	3.466	3.24	3.821
10-Nov-2009	3.473	3.277	3.897
17-Nov-2009	3.328	3.233	3.768
24-Nov-2009	3.307	3.2	3.745
01-Dec-2009	3.291	3.098	3.653
08-Dec-2009	3.386	3.145	3.808
15-Dec-2009	3.589	3.217	4.001
22-Dec-2009	3.758	3.252	4.008
29-Dec-2009	3.801	3.361	4.18
05-Jan-2010	3.761	3.377	4.104
12-Jan-2010	3.715	3.31	4.037
19-Jan-2010	3.698	3.275	4.116
26-Jan-2010	3.625	3.203	3.978
02-Feb-2010	3.643	3.195	4.009
09-Feb-2010	3.645	3.173	4.063
16-Feb-2010	3.663	3.203	4.14
23-Feb-2010	3.687	3.18	4.174
02-Mar-2010	3.613	3.114	4.023
09-Mar-2010	3.706	3.132	4.049
16-Mar-2010	3.652	3.142	4.02
23-Mar-2010	3.69	3.054	3.91
30-Mar-2010	3.86	3.11	3.983
06-Apr-2010	3.956	3.144	4.003
13-Apr-2010	3.822	3.148	4.011
20-Apr-2010	3.802	3.099	4.014
27-Apr-2010	3.69	2.971	3.933
04-May-2010	3.593	2.901	3.783
11-May-2010	3.527	2.869	3.836
18-May-2010	3.349	2.769	3.683
25-May-2010	3.166	2.524	3.413
01-Jun-2010	3.27	2.664	3.518
08-Jun-2010	3.178	2.521	3.406
15-Jun-2010	3.303	2.674	3.492
22-Jun-2010	3.165	2.691	3.403
29-Jun-2010	2.95	2.551	3.344
06-Jul-2010	2.928	2.582	3.457
13-Jul-2010	3.118	2.637	3.475
20-Jul-2010	2.947	2.646	3.445
27-Jul-2010	3.047	2.765	3.596
03-Aug-2010	2.91	2.622	3.369
10-Aug-2010	2.768	2.533	3.339
17-Aug-2010	2.633	2.359	3.156
24-Aug-2010	2.487	2.168	2.969
31-Aug-2010	2.472	2.085	2.924
07-Sep-2010	2.594	2.259	3.012
14-Sep-2010	2.68	2.366	3.154
21-Sep-2010	2.576	2.455	3.219
28-Sep-2010	2.465	2.247	3.041
05-Oct-2010	2.47	2.27	3.072
12-Oct-2010	2.432	2.248	2.951
19-Oct-2010	2.473	2.409	3.105
26-Oct-2010	2.641	2.503	3.169
02-Nov-2010	2.608	2.465	3.146
09-Nov-2010	2.657	2.407	3.147
16-Nov-2010	2.845	2.607	3.413
23-Nov-2010	2.812	2.564	3.371
30-Nov-2010	2.796	2.611	3.339
07-Dec-2010	3.165	2.887	3.582
14-Dec-2010	3.457	2.954	3.726
21-Dec-2010	3.328	2.919	3.615
28-Dec-2010	3.481	2.915	3.619
04-Jan-2011	3.334	2.899	3.575
11-Jan-2011	3.345	2.9	3.659
18-Jan-2011	3.367	3.101	3.761
25-Jan-2011	3.322	3.13	3.729
01-Feb-2011	3.444	3.212	3.81
08-Feb-2011	3.724	3.246	3.925
15-Feb-2011	3.619	3.289	3.94
22-Feb-2011	3.466	3.151	3.765
01-Mar-2011	3.416	3.185	3.709
08-Mar-2011	3.547	3.292	3.761
15-Mar-2011	3.325	3.125	3.525
22-Mar-2011	3.333	3.265	3.597
29-Mar-2011	3.494	3.321	3.628
05-Apr-2011	3.488	3.381	3.761
12-Apr-2011	3.503	3.451	3.715
19-Apr-2011	3.357	3.281	3.556
26-Apr-2011	3.321	3.25	3.494
03-May-2011	3.258	3.231	3.423
10-May-2011	3.198	3.087	3.379
17-May-2011	3.087	3.071	3.371
24-May-2011	3.123	3.017	3.342
31-May-2011	3.049	2.994	3.298
07-Jun-2011	3.012	3.068	3.327
14-Jun-2011	3.098	3.002	3.293
21-Jun-2011	2.984	2.973	3.229
28-Jun-2011	3.044	2.915	3.253
05-Jul-2011	3.133	3.011	3.328
12-Jul-2011	2.909	2.66	3.088
19-Jul-2011	2.888	2.69	3.053
26-Jul-2011	2.95	2.744	3.074
02-Aug-2011	2.623	2.413	2.973
09-Aug-2011	2.181	2.335	2.91
16-Aug-2011	2.213	2.297	2.776
23-Aug-2011	2.134	2.133	2.618
30-Aug-2011	2.173	2.128	2.731
06-Sep-2011	1.979	1.88	2.51
13-Sep-2011	1.991	1.758	2.406
20-Sep-2011	1.944	1.796	2.388
27-Sep-2011	2.015	1.926	2.534
04-Oct-2011	1.784	1.729	2.244
11-Oct-2011	2.159	2.063	2.582
18-Oct-2011	2.151	2.015	2.432
25-Oct-2011	2.128	2.089	2.504
01-Nov-2011	1.999	1.807	2.216
08-Nov-2011	2.06	1.814	2.263
15-Nov-2011	2.032	1.769	2.148
22-Nov-2011	1.941	1.93	2.172
29-Nov-2011	1.995	2.27	2.238
06-Dec-2011	2.091	2.159	2.242
13-Dec-2011	1.96	2.001	2.125
20-Dec-2011	1.924	1.939	2.094
27-Dec-2011	2.009	1.936	2.089
03-Jan-2012	1.962	1.901	2.029
10-Jan-2012	1.972	1.876	2.073
17-Jan-2012	1.85	1.799	1.966
24-Jan-2012	2.064	1.98	2.187
31-Jan-2012	1.802	1.786	1.966
07-Feb-2012	1.966	1.914	2.216
14-Feb-2012	1.887	1.92	2.094
21-Feb-2012	2.047	1.97	2.218
28-Feb-2012	1.931	1.81	2.011
06-Mar-2012	1.948	1.784	2.05
13-Mar-2012	2.109	1.799	2.093
20-Mar-2012	2.374	2.04	2.341
27-Mar-2012	2.189	1.904	2.17
03-Apr-2012	2.283	1.812	2.081
10-Apr-2012	1.988	1.66	1.917
17-Apr-2012	2.011	1.671	2
24-Apr-2012	1.963	1.61	2.016
01-May-2012	1.958	1.604	2.007
08-May-2012	1.837	1.464	1.843
15-May-2012	1.777	1.391	1.804
22-May-2012	1.792	1.382	1.796
29-May-2012	1.73	1.275	1.7
05-Jun-2012	1.56	1.193	1.462
12-Jun-2012	1.66	1.412	1.616
19-Jun-2012	1.619	1.508	1.642
26-Jun-2012	1.627	1.518	1.61
03-Jul-2012	1.625	1.536	1.676
10-Jul-2012	1.498	1.33	1.507
17-Jul-2012	1.501	1.238	1.431
24-Jul-2012	1.404	1.236	1.389
31-Jul-2012	1.489	1.313	1.396
07-Aug-2012	1.626	1.455	1.737
14-Aug-2012	1.69	1.452	1.749
21-Aug-2012	1.805	1.548	1.854
28-Aug-2012	1.631	1.348	1.642
04-Sep-2012	1.58	1.4	1.636
11-Sep-2012	1.696	1.504	1.735
18-Sep-2012	1.811	1.611	1.89
25-Sep-2012	1.681	1.522	1.824
02-Oct-2012	1.614	1.468	1.717
09-Oct-2012	1.719	1.484	1.731
16-Oct-2012	1.718	1.526	1.821
23-Oct-2012	1.764	1.586	1.834
30-Oct-2012	1.731	1.477	1.824
06-Nov-2012	1.741	1.435	1.82
13-Nov-2012	1.553	1.341	1.713
20-Nov-2012	1.656	1.404	1.844
27-Nov-2012	1.642	1.437	1.854
04-Dec-2012	1.608	1.401	1.814
11-Dec-2012	1.649	1.322	1.808
18-Dec-2012	1.83	1.398	1.955
25-Dec-2012	1.776	1.382	1.889
01-Jan-2013	1.757	1.308	1.817
08-Jan-2013	1.873	1.496	2.03
15-Jan-2013	1.831	1.518	2.027
22-Jan-2013	1.835	1.527	2.028
29-Jan-2013	1.989	1.62	2.085
05-Feb-2013	2.015	1.655	2.127
12-Feb-2013	1.983	1.63	2.112
19-Feb-2013	2.027	1.619	2.183
26-Feb-2013	1.88	1.465	1.983
05-Mar-2013	1.895	1.449	1.965
12-Mar-2013	2.028	1.48	1.967
19-Mar-2013	1.91	1.363	1.838
26-Mar-2013	1.905	1.345	1.791
02-Apr-2013	1.861	1.306	1.776
09-Apr-2013	1.749	1.266	1.74
16-Apr-2013	1.719	1.273	1.728
23-Apr-2013	1.7	1.237	1.696
30-Apr-2013	1.675	1.197	1.666
07-May-2013	1.783	1.297	1.793
14-May-2013	1.907	1.368	1.897
21-May-2013	1.943	1.388	1.922
28-May-2013	2.132	1.478	1.959
04-Jun-2013	2.136	1.551	2.039
11-Jun-2013	2.193	1.616	2.176
18-Jun-2013	2.181	1.565	2.13
25-Jun-2013	2.588	1.79	2.535
02-Jul-2013	2.47	1.698	2.567
09-Jul-2013	2.627	1.668	2.624
16-Jul-2013	2.533	1.555	2.457
23-Jul-2013	2.515	1.551	2.494
30-Jul-2013	2.602	1.668	2.508
06-Aug-2013	2.641	1.702	2.675
13-Aug-2013	2.712	1.792	2.77
20-Aug-2013	2.813	1.852	2.87
27-Aug-2013	2.72	1.854	2.786
03-Sep-2013	2.849	1.924	2.884
10-Sep-2013	2.957	2.023	3.025
17-Sep-2013	2.852	1.959	2.933
24-Sep-2013	2.65	1.865	2.829
01-Oct-2013	2.645	1.803	2.715
08-Oct-2013	2.635	1.817	2.709
15-Oct-2013	2.719	1.9	2.8
22-Oct-2013	2.512	1.814	2.663
29-Oct-2013	2.506	1.741	2.601
05-Nov-2013	2.662	1.745	2.721
12-Nov-2013	2.767	1.788	2.801
19-Nov-2013	2.713	1.721	2.723
26-Nov-2013	2.697	1.693	2.73
03-Dec-2013	2.776	1.726	2.816
10-Dec-2013	2.796	1.835	2.885
17-Dec-2013	2.844	1.828	2.87
24-Dec-2013	2.984	1.883	2.986
31-Dec-2013	3.007	1.941	3.031
07-Jan-2014	2.938	1.889	2.954
14-Jan-2014	2.87	1.815	2.832
21-Jan-2014	2.824	1.744	2.837
28-Jan-2014	2.749	1.678	2.796
04-Feb-2014	2.625	1.555	2.698
11-Feb-2014	2.719	1.687	2.742
18-Feb-2014	2.712	1.673	2.751
25-Feb-2014	2.703	1.65	2.748
04-Mar-2014	2.691	1.6	2.7
11-Mar-2014	2.767	1.64	2.781
18-Mar-2014	2.68	1.57	2.68
25-Mar-2014	2.736	1.574	2.711
01-Apr-2014	2.76	1.58	2.74
08-Apr-2014	2.682	1.56	2.697
15-Apr-2014	2.629	1.475	2.605
22-Apr-2014	2.727	1.542	2.719
29-Apr-2014	2.696	1.507	2.691
06-May-2014	2.596	1.461	2.663
13-May-2014	2.592	1.425	2.685
20-May-2014	2.508	1.356	2.615
27-May-2014	2.517	1.393	2.638
03-Jun-2014	2.592	1.409	2.651
10-Jun-2014	2.634	1.411	2.728
17-Jun-2014	2.654	1.404	2.778
24-Jun-2014	2.585	1.321	2.736
01-Jul-2014	2.564	1.249	2.822
08-Jul-2014	2.564	1.223	2.776
15-Jul-2014	2.55	1.209	2.782
22-Jul-2014	2.465	1.173	2.706
29-Jul-2014	2.461	1.119	2.654
05-Aug-2014	2.483	1.175	2.701
12-Aug-2014	2.441	1.062	2.607
19-Aug-2014	2.406	1.004	2.508
26-Aug-2014	2.39	0.945	2.455
02-Sep-2014	2.418	0.93	2.441
09-Sep-2014	2.499	1.002	2.483
16-Sep-2014	2.588	1.017	2.535
23-Sep-2014	2.532	0.964	2.493
30-Sep-2014	2.507	0.898	2.43
07-Oct-2014	2.349	0.86	2.296
14-Oct-2014	2.205	0.796	2.125
21-Oct-2014	2.209	0.833	2.164
28-Oct-2014	2.283	0.834	2.223
04-Nov-2014	2.342	0.812	2.224
11-Nov-2014	2.369	0.831	2.23
18-Nov-2014	2.323	0.801	2.12
25-Nov-2014	2.261	0.75	2.006
02-Dec-2014	2.286	0.747	1.968
09-Dec-2014	2.221	0.692	1.896
16-Dec-2014	2.072	0.603	1.765
23-Dec-2014	2.258	0.596	1.85
30-Dec-2014	2.192	0.541	1.79
06-Jan-2015	1.939	0.45	1.59
13-Jan-2015	1.906	0.477	1.586
20-Jan-2015	1.792	0.397	1.527
27-Jan-2015	1.829	0.343	1.477
03-Feb-2015	1.799	0.348	1.446
10-Feb-2015	2.004	0.369	1.654
17-Feb-2015	2.154	0.37	1.75
24-Feb-2015	1.98	0.375	1.769
03-Mar-2015	2.123	0.367	1.87
10-Mar-2015	2.122	0.239	1.843
17-Mar-2015	2.053	0.281	1.704
24-Mar-2015	1.874	0.233	1.551
31-Mar-2015	1.927	0.183	1.575
07-Apr-2015	1.887	0.187	1.624
14-Apr-2015	1.901	0.139	1.524
21-Apr-2015	1.911	0.102	1.591
28-Apr-2015	2.004	0.163	1.716
05-May-2015	2.182	0.518	1.977
12-May-2015	2.248	0.68	1.997
19-May-2015	2.298	0.611	1.964
26-May-2015	2.141	0.553	1.875
02-Jun-2015	2.265	0.701	1.961
09-Jun-2015	2.441	0.957	2.105
16-Jun-2015	2.308	0.808	1.997
23-Jun-2015	2.413	0.867	2.11
30-Jun-2015	2.349	0.768	2.03
07-Jul-2015	2.254	0.637	1.818
14-Jul-2015	2.397	0.842	2.129
21-Jul-2015	2.33	0.729	2.085
28-Jul-2015	2.249	0.65	1.942
04-Aug-2015	2.222	0.635	1.99
11-Aug-2015	2.142	0.629	1.944
18-Aug-2015	2.191	0.64	1.992
25-Aug-2015	2.077	0.752	1.906
01-Sep-2015	2.159	0.802	1.936
08-Sep-2015	2.185	0.681	1.838
15-Sep-2015	2.291	0.743	1.909
22-Sep-2015	2.131	0.599	1.793
29-Sep-2015	2.059	0.589	1.756
06-Oct-2015	2.034	0.601	1.809
13-Oct-2015	2.041	0.591	1.83
20-Oct-2015	2.068	0.629	1.865
27-Oct-2015	2.036	0.444	1.763
03-Nov-2015	2.217	0.575	1.97
10-Nov-2015	2.336	0.626	2.026
17-Nov-2015	2.281	0.532	1.981
24-Nov-2015	2.24	0.511	1.865
01-Dec-2015	2.145	0.469	1.766
08-Dec-2015	2.222	0.57	1.817
15-Dec-2015	2.268	0.649	1.946
22-Dec-2015	2.238	0.598	1.873
29-Dec-2015	2.309	0.633	1.916
05-Jan-2016	2.239	0.548	1.878
12-Jan-2016	2.105	0.53	1.748
19-Jan-2016	2.056	0.482	1.702
26-Jan-2016	2.003	0.367	1.688
02-Feb-2016	1.864	0.315	1.551
09-Feb-2016	1.729	0.24	1.427
16-Feb-2016	1.78	0.262	1.426
23-Feb-2016	1.745	0.184	1.428
01-Mar-2016	1.835	0.151	1.393
08-Mar-2016	1.834	0.178	1.376
15-Mar-2016	1.959	0.317	1.534
22-Mar-2016	1.935	0.212	1.449
29-Mar-2016	1.812	0.142	1.408
05-Apr-2016	1.727	0.104	1.378
12-Apr-2016	1.724	0.162	1.44
19-Apr-2016	1.783	0.178	1.522
26-Apr-2016	1.931	0.3	1.664
03-May-2016	1.8	0.197	1.523
10-May-2016	1.754	0.122	1.406
17-May-2016	1.776	0.132	1.372
24-May-2016	1.859	0.177	1.473
31-May-2016	1.833	0.146	1.439
07-Jun-2016	1.712	0.054	1.395
14-Jun-2016	1.611	0	1.266
21-Jun-2016	1.697	0.048	1.415
28-Jun-2016	1.461	-0.117	1.086
05-Jul-2016	1.374	-0.179	0.913
12-Jul-2016	1.513	-0.092	0.938
19-Jul-2016	1.557	-0.087	0.929
26-Jul-2016	1.561	-0.085	0.946
02-Aug-2016	1.536	-0.088	0.928
09-Aug-2016	1.545	-0.141	0.677
16-Aug-2016	1.59	-0.089	0.676
